,Muntanya_russa,Ubicacio,Parc,Tipus,Data_obertura,Disseny,Fabricant,Model,Velocitat_màxima (mph),Llargada (ft),Altura_màxima (ft),Inversions,Duració,Elements
0,Looping Star,Clacton-on-sea / Essex / England / United Kingdom,Clacton Pier,Steel,2021-10-23,Sit Down,Pinfari,Zyklon,NA,1197.5,36.1,1,1:17,Chain Lift Hill; Loop
1,Boomerang,Sydney / New South Wales / Australia,Luna Park,Steel,2021-10-23,Sit Down,Gerstlauer Amusement Rides GmbH,Shuttle Family Coaster,31.1,593.8,39.4,0,NA,Chain Lift Hill; Booster Wheel Lift Hill
2,Little Nipper,Sydney / New South Wales / Australia,Luna Park,Steel,2021-10-23,Sit Down,Preston & Barbieri,Mini Coaster,NA,NA,NA,0,NA,NA
3,Valkyrie,Gyeongju / Gyeongsangbuk-do / South Korea,Gyeongju World,Steel,2021-10-09,Sit Down,Gerstlauer Amusement Rides GmbH,Shuttle Family Coaster,NA,NA,NA,0,NA,NA
4,Family Roller Coaster,Shijingshan / Beijing / China,Beijing Shijingshan Amusement Park,Steel,2021-10-01,Suspended,"Hebei H&S Amusement Equipment Co, LTD.",Air Support,10.1,NA,24.6,0,NA,Chain Lift Hill
5,Stacked Roller Coaster,Shijingshan / Beijing / China,Beijing Shijingshan Amusement Park,Steel,2021-10-01,Sit Down,Wuhan Fute Amusement Rides,All Models,31.1,1082.7,39.4,1,NA,Chain Lift Hill; Loop
6,Space Pulley,Shijingshan / Beijing / China,Beijing Shijingshan Amusement Park,Steel,2021-10-01,Sit Down,Jinma Rides,NA,NA,NA,NA,0,NA,Chain Lift Hill; Chain Lift Hill
7,Dragon Valley Roller Coaster,Xinmi / Zhengzhou / Henan / China,Enjoy Animal Kingdom,Steel,2021-10-01,Sit Down,Jinma Rides,NA,44.7,3379.3,91.9,0,NA,Chain Lift Hill; Chain Lift Hill; Dark/Show Section; Switch Track; Vertical Drop Track
8,Jurassic Flyers,Tongzhou / Beijing / China,Universal Studios Beijing,Steel,2021-09-30,Inverted,Mack Rides GmbH & Co KG,Inverted Powered Coaster,NA,NA,NA,0,NA,NA
9,Decepticoaster,Tongzhou / Beijing / China,Universal Studios Beijing,Steel,2021-09-20,Sit Down,Bolliger & Mabillard,NA,NA,NA,NA,7,NA,Tire Propelled Launch; Zero-G Roll; Cobra Roll; Loop; Corkscrew; Loop; Block Brake; Corkscrew
10,Flight of the Hippogriff,Tongzhou / Beijing / China,Universal Studios Beijing,Steel,2021-09-20,Sit Down,Mack Rides GmbH & Co KG,Youngstar Coaster,NA,NA,NA,0,NA,NA
11,Loop-Dee-Doop-Dee,Tongzhou / Beijing / China,Universal Studios Beijing,Steel,2021-09-20,Sit Down,Jinma Rides,NA,21.1,761.2,31.2,0,NA,Booster Wheel Lift Hill
12,Storm,Ma'ale Adumim / West Bank / Palestine,Magic Kass,Steel,2021-09-19,Sit Down,Zamperla,Powered Coaster,NA,NA,NA,0,NA,NA
13,Funscape Coaster,Galali / Muharraq / Bahrain,Funscape World,Steel,2021-09,Sit Down,SBF Visa Group,Spinning Coasters,NA,NA,NA,0,NA,Booster Wheel Lift Hill
14,Happy Mountain,Rio De Janeiro / Rio De Janeiro / Brazil,Tivoli Park,Steel,2021-09,Sit Down,Três Eixos,All Models,NA,426.5,12.7,0,NA,NA
15,Blu Power,Munaily District / Mangistau / Kazakhstan,Tetysblu Theme Park,Steel,2021-08-26,Sit Down,Mack Rides GmbH & Co KG,PowerSplash,62.8,711.9,147.6,0,1:18,LSM Launch (multi-pass); Vertical Rollback; Vertical Rollback; Splash Track
16,Aftershock,Palmer / Alaska / United States,Alaska State Fair,Steel,2021-08-20,Sit Down,Interpark,All Models,35,1181,40,0,NA,NA
17,Xolo Loca,Seaside Heights / New Jersey / United States,Casino Pier,Steel,2021-08-18,Sit Down,SBF Visa Group,All Models,NA,NA,NA,0,NA,Booster Wheel Lift Hill
18,Ski&Sun Coaster,Świeradów-Zdrój / Dolnośląskie / Poland,Ski&Sun,Steel,2021-08-17,Sit Down,Wiegand,Alpine Coaster,NA,2362.2,NA,0,NA,NA
19,Pterosaur Coaster,Toutunhe / Ürümqi / Xinjiang Uygur / China,Amalong Fantasy World,Steel,2021-07-30,Inverted,Jinma Rides,Suspended Roller Coaster,NA,NA,NA,4,NA,Chain Lift Hill; Loop; Cobra Roll; In-Line Twist
20,Da Vinci Code,Toutunhe / Ürümqi / Xinjiang Uygur / China,Amalong Fantasy World,Steel,2021-07-30,Sit Down,Jinma Rides,All Models,NA,NA,NA,0,NA,NA
21,Serial Serpent,Alliance / Ohio / United States,Funtimes Fun Park,Steel,2021-07-29,Sit Down,E&F Miler Industries,Family Coaster,15.7,NA,NA,0,NA,NA
22,Pine Tree Rocket,Yangqu / Taiyuan / Shanxi / China,Oriental Heritage,Steel,2021-07-23,Sit Down,Vekoma,Family Boomerang,NA,672.6,NA,0,NA,NA
23,Stag's Gauntlet,Yangqu / Taiyuan / Shanxi / China,Oriental Heritage,Steel,2021-07-23,Sit Down,Vekoma,Other,48.5,2362.2,87.9,3,NA,Chain Lift Hill; Sidewinder; Corkscrew; Corkscrew
24,Puppy Coaster,Yangqu / Taiyuan / Shanxi / China,Oriental Heritage,Steel,2021-07-23,Sit Down,Beijing Shibaolai Amusement Equipment,All Models,NA,NA,NA,0,NA,NA
25,Gotham,Marseillan / Occitanie / France,Parc d'Attractions Marseillan-Plage,Steel,2021-07-21,Sit Down,Pinfari,Other,44.7,NA,78.8,2,NA,Chain Lift Hill; Loop; Loop
26,Fridolin's verrückter Zauberexpress,Strasswalchen / Salzburg / Austria,Fantasiana,Steel,2021-07-17,Sit Down,ART Engineering GmbH,Family Launch Coaster,NA,803.8,39.4,0,NA,Tire Propelled Launch (multi-pass); Tire Propelled Boost
27,Rockin' Blu,Munaily District / Mangistau / Kazakhstan,Tetysblu Theme Park,Steel,2021-07-17,Sit Down,Mack Rides GmbH & Co KG,Spinning Coaster,40,1253.3,55.1,0,NA,Chain Lift Hill
28,Abyssus,Zator / Małopolskie / Poland,Energylandia,Steel,2021-07-14,Sit Down,Vekoma,Shockwave,62.1,4317.6,126.3,4,NA,LSM Launch; LSM Boost; Loop; Batwing; Corkscrew
29,Light Explorers,Zator / Małopolskie / Poland,Energylandia,Steel,2021-07-14,Sit Down,Vekoma,Family Boomerang,37.3,780.8,79.4,0,NA,Booster Wheel Lift Hill
30,Galaxy 500 Coaster,Comins / Michigan / United States,Cedar Valley's Wild Frontier Fun Park,Steel,2021-07-10,Sit Down,S.D.C.,All Models,NA,1700,55,0,NA,Chain Lift Hill
31,Namazu,Saint-Ours / Auvergne-Rhône-Alpes / France,Vulcania,Steel,2021-07-10,Sit Down,Intamin Amusement Rides,Family Launch Coaster,NA,1916,52.5,0,NA,Vertical Drop Track; Tire Propelled Launch (rolling); Tire Propelled Boost
32,Dragon,Goshen / New York / United States,Legoland New York,Steel,2021-07-09,Sit Down,Zierer,Force,NA,NA,NA,0,NA,Booster Wheel Lift Hill
33,Dragon's Apprentice,Goshen / New York / United States,Legoland New York,Steel,2021-07-09,Sit Down,Zamperla,Family Coaster,NA,262.5,13.1,0,NA,Chain Lift Hill
34,Frontline Charge,Cixi / Ningbo / Zhejiang / China,Fanta Park Glorious Orient,Steel,2021-07-09,Sit Down,Vekoma,Family Boomerang,NA,672.6,NA,0,NA,NA
35,Fighter Jet,Cixi / Ningbo / Zhejiang / China,Fanta Park Glorious Orient,Steel,2021-07-09,Sit Down,Vekoma,Other,NA,2992.1,NA,4,NA,LSM Launch; Rollover Camelback; Sidewinder; Corkscrew; Corkscrew
36,Merkant,Rzgów / Łódzkie / Poland,Mandoria,Steel,2021-07-08,Sit Down,Gerstlauer Amusement Rides GmbH,Bob Coaster,NA,869.4,23.8,0,NA,Chain Lift Hill; Chain Lift Hill
37,Mroczny Dwór,Rzgów / Łódzkie / Poland,Mandoria,Steel,2021-07-08,Sit Down,SBF Visa Group,NA,NA,NA,NA,0,NA,NA
38,Black Bull Run,Belfast / Antrim / Northern Ireland / United Kingdom,Colin Glen Forest Park,Steel,2021-07-07,Sit Down,Brandauer,NA,NA,1853.7,NA,0,NA,NA
39,Tower Coaster,"Aberdare / Rhondda, Cynon, Taff / Wales / United Kingdom",Zip World Tower,Steel,2021-07-03,Sit Down,Wiegand,All Models,NA,NA,NA,0,NA,NA
40,Slittovia,Bosco/Gurin / Ticino / Switzerland,Bosco Gurin,Steel,2021-07-03,Sit Down,Techfun,NA,NA,NA,NA,0,NA,NA
41,Phoenix,Brooklyn / New York / United States,Deno's Wonder Wheel Amusement Park,Steel,2021-07-02,Sit Down,Vekoma,Suspended Family Coaster,34,1220.5,68,0,NA,NA
42,Ride to Happiness,Adinkerke-De Panne / West Flanders / Flemish Region / Belgium,Plopsaland De Panne,Steel,2021-07-01,Sit Down,Mack Rides GmbH & Co KG,Xtreme Spinning Coaster,55.9,3018.4,108.3,5,NA,Heartline Roll; LSM Launch; Banana Roll; Loop; Zero-G Roll; LSM Boost; Step-Up Under Flip
43,Orochi,Bocasse / Normandy / France,Parc du Bocasse,Steel,2021-07-01,Suspended,Vekoma,Suspended Family Coaster,NA,1486.2,NA,0,NA,Booster Wheel Lift Hill
44,Mountain Pipe Coaster,Chelsea / Québec / Canada,Camp Fortune,Steel,2021-07-01,Sit Down,Sunkid GmbH,Mountain Coaster,24.9,3280.8,NA,0,NA,NA
45,Blu Miner,Munaily District / Mangistau / Kazakhstan,Tetysblu Theme Park,Steel,2021-07,Sit Down,SBF Visa Group,Family Coaster,NA,NA,NA,0,NA,NA
46,Coaster Blu,Munaily District / Mangistau / Kazakhstan,Tetysblu Theme Park,Steel,2021-07,Sit Down,Vekoma,Junior Coaster,28.5,1099.1,42.7,0,1:06,Booster Wheel Lift Hill
47,Storm Chaser,Corpus Christi / Texas / United States,In The Game Funtrackers,Steel,2021-07,Sit Down,SBF Visa Group,Spinning Coasters,NA,NA,NA,0,NA,Booster Wheel Lift Hill
48,Tidal Twist,Powell / Ohio / United States,Columbus Zoo and Aquarium,Steel,2021-07,Sit Down,Zamperla,Twister Coaster,30,1066,36,0,NA,Chain Lift Hill
49,Studio Tour,Bottrop / North Rhine-Westphalia / Germany,Movie Park Germany,Steel,2021-06-23,Sit Down,Intamin Amusement Rides,Other,37.3,1745.4,39.4,0,2:00,Dark/Show Section; Tire Propelled Launch; Turntable; Dark/Show Section; Tire Propelled Launch (rolling); Dark/Show Section
50,GraviTrax,Meckenbeuren / Baden-Württemberg / Germany,Ravensburger Spieleland,Steel,2021-06-22,Sit Down,SBF Visa Group,All Models,NA,NA,NA,0,NA,NA
51,Luge Lou Bac Mountain,Les Angles / Occitanie / France,Lou Bac Mountain,Steel,2021-06-19,Sit Down,Sunkid GmbH,Mountain Coaster,24.9,6561.7,NA,0,NA,NA
52,Jersey Devil Coaster,Jackson / New Jersey / United States,Six Flags Great Adventure,Steel,2021-06-13,Sit Down,Rocky Mountain Construction,Raptor Track,58,3000,130,3,NA,Chain Lift Hill; Dive Loop; Zero-G Stall; Zero-G Roll; Block Brake
53,Krampus Expédition,Dolancourt / Grand Est / France,Nigloland,Steel,2021-06-12,Sit Down,Mack Rides GmbH & Co KG,Water Coaster,NA,1968.5,91.9,0,4:00,Chain Lift Hill; Splash Down
54,Silver Mountain,Ermenonville / Hauts-de-France / France,Mer de Sable,Steel,2021-06-12,Sit Down,Vekoma,Junior Coaster,28.5,1099.1,42.7,0,1:00,Booster Wheel Lift Hill
55,Copperhead Mountain Coaster,Branson / Missouri / United States,Shepherd's Adventure Park,Steel,2021-06-12,Sit Down,Wiegand,Alpine Coaster,NA,3116.8,NA,0,NA,NA
56,VelociCoaster,Orlando / Florida / United States,Universal Studios Islands of Adventure,Steel,2021-06-10,Sit Down,Intamin Amusement Rides,LSM Launch Coaster,70,4700,155,4,NA,LSM Launch; Immelmann; Dive Loop; LSM Boost; Top Hat - Outside; Zero-G Stall; Barrel Roll
57,Rocket,Southport / Merseyside / England / United Kingdom,Southport Pleasureland,Steel,2021-06-05,Sit Down,Pinfari,Other,24.6,764.4,30.2,0,0:53,Chain Lift Hill
58,Twin Spin,Santa Rosa / Laguna / Philippines,Enchanted Kingdom,Steel,2021-06-05,Sit Down,Mack Rides GmbH & Co KG,Spinning Coaster,36.7,1259.8,55.8,0,NA,NA
59,Monster,Stockholm / Stockholm / Sweden,Gröna Lund,Steel,2021-06-02,Inverted,Bolliger & Mabillard,Inverted Coaster,55.9,2296.6,111.5,3,NA,Chain Lift Hill; Zero-G Roll; Jr. Immelmann; Corkscrew; Zero-G Roll
60,Stunt Pilot,Athol / Idaho / United States,Silverwood Theme Park,Steel,2021-05-29,Sit Down,Rocky Mountain Construction,Raptor Track,52,1800,105,3,NA,Chain Lift Hill; Dive Loop; Cutback; Corkscrew; Over-Banked Curve
61,Dragon Slayer,Altoona / Iowa / United States,Adventureland,Steel,2021-05-29,Wing,S&S Sansei Technologies,4D Free Spin,NA,NA,NA,0,NA,Vertical Chain Lift Hill
62,Woodstock Express,Muskegon / Michigan / United States,Michigan's Adventure,Steel,2021-05-29,Sit Down,Chance Rides,Big Dipper,NA,NA,16.1,0,NA,Booster Wheel Lift Hill
63,Wooden Dragons Roller Coaster,Licheng / Jinan / Shandong / China,Jinan Sunac Land,Wood,2021-05-29,Sit Down,Martin & Vleminckx,NA,46,2644.4,75.5,0,1:30,NA
64,Grand Prix Racers,Rotherham / South Yorkshire / England / United Kingdom,Gulliver's Valley Resort,Steel,2021-05-28,Sit Down,SBF Visa Group,All Models,NA,NA,NA,0,NA,Booster Wheel Lift Hill
65,Frontline Charge,Ganzhou / Jiangxi / China,Fanta Park Glorious Orient,Steel,2021-05-28,Sit Down,Vekoma,Family Boomerang,NA,672.6,NA,0,NA,NA
66,Sky Track,Ganzhou / Jiangxi / China,Fanta Park Glorious Orient,Steel,2021-05-28,Sit Down,NA,NA,NA,NA,NA,0,NA,NA
67,Fighter Jet,Ganzhou / Jiangxi / China,Fanta Park Glorious Orient,Steel,2021-05-28,Sit Down,Vekoma,Other,NA,2992.1,NA,4,NA,LSM Launch; Rollover Camelback; Sidewinder; Corkscrew; Corkscrew
68,Wicky,Sankt Jakob in Haus / Tyrol / Austria,Freizeitpark Familienland,Steel,2021-05-21,Sit Down,SBF Visa Group,NA,NA,NA,NA,0,NA,Booster Wheel Lift Hill; Booster Wheel Lift Hill
69,Mustang Mountain Coaster,Estes Park / Colorado / United States,Mustang Mountain Coaster,Steel,2021-05-21,Sit Down,Wiegand,Alpine Coaster,NA,3000,NA,0,NA,Cable Lift Hill
70,Fun in the Sun,Myrtle Beach / South Carolina / United States,Funplex,Steel,2021-05-21,Sit Down,SBF Visa Group,All Models,NA,NA,NA,0,NA,NA
71,Mayan Mountain Dragon,Xiaoshan / Hangzhou / Zhejiang / China,Hangzhou Paradise,Steel,2021-05-20,Inverted,Beijing Shibaolai Amusement Equipment,NA,47.8,2624.7,106,4,NA,Chain Lift Hill; Loop; Immelmann; Double In-Line Twist; Helix
72,Drachenflitzer,Oberau Wildschönau / Tyrol / Austria,Familienerlebnis Drachental,Steel,2021-05-19,Sit Down,Wiegand,Alpine Coaster,NA,6561.7,NA,0,NA,NA
73,Yan Coaster,Nor Kilikia / Yerevan / Armenia,Yerevan Park,Steel,2021-05-15,Sit Down,Vekoma,Junior Coaster,NA,810.4,NA,0,NA,NA
74,Happy Coaster,Nor Kilikia / Yerevan / Armenia,Yerevan Park,Steel,2021-05-15,Sit Down,SBF Visa Group,Spinning Coasters,NA,NA,NA,0,NA,Booster Wheel Lift Hill
75,Flash Coaster,Nor Kilikia / Yerevan / Armenia,Yerevan Park,Steel,2021-05-15,Sit Down,Zierer,ESC,NA,NA,NA,0,NA,Chain Lift Hill
76,Boomerang,Nor Kilikia / Yerevan / Armenia,Yerevan Park,Steel,2021-05-15,Sit Down,Vekoma,Family Boomerang,NA,672.6,NA,0,NA,NA
77,Boomerang Hyper Coaster,East Jakarta / Jakarta / Indonesia,Trans Studio Cibubur,Steel,2021-05-14,Sit Down,Vekoma,Other,47,935,116.5,3,1:48,Catch Car Lift Hill; Cobra Roll; Loop; Chain Lift Hill
78,Kondaa,Wavre / Walloon Brabant / Wallonia / Belgium,Walibi Belgium,Steel,2021-05-08,Sit Down,Intamin Amusement Rides,Other,70.2,3937,164,0,1:30,Chain Lift Hill; Hill; Outward Banked Airtime Hill; Non Inverting Cobra Roll
79,Pinball X,Hastings / East Sussex / England / United Kingdom,Flamingo Park,Steel,2021-05-01,Sit Down,Zamperla,Twister Coaster,NA,NA,NA,0,NA,NA
80,Spinning Coaster,Shimizu / Shizuoka / Shizuoka / Japan,Shimizu Marina Circus,Steel,2021-04-28,Sit Down,SBF Visa Group,Spinning Coasters,NA,NA,NA,0,NA,Booster Wheel Lift Hill
81,Barreling Rapids,Pflugerville / Texas / United States,Austin's Park,Steel,2021-04-16,Sit Down,SBF Visa Group,Spinning Coasters,11.2,393.7,20,0,NA,Booster Wheel Lift Hill
82,Storm Chaser,Romsey / Hampshire / England / United Kingdom,Paultons Park,Steel,2021-04-12,Sit Down,Mack Rides GmbH & Co KG,Spinning Coaster,36.9,1505.9,64,0,1:56,Chain Lift Hill
83,Power Coaster,Pigeon Forge / Tennessee / United States,Rowdy Bear Ridge Adventure Park,Steel,2021-03-13,Sit Down,Wiegand,All Models,NA,2200,NA,0,NA,NA
84,unknown,Shaykhontohur / Tashkent City / Uzbekistan,Anhor Park,Steel,2021-03,Sit Down,NA,NA,NA,NA,NA,3,NA,Chain Lift Hill; Loop; Double Corkscrew
85,Roller Coaster,Fuxing / Handan / Hebei / China,Yuanbo Amusement Park,Steel,2021-02-12,Sit Down,Zhipao,All Models,NA,NA,NA,4,NA,Loop; Loop; Double Corkscrew
86,Crazy Mouse,Fuxing / Handan / Hebei / China,Yuanbo Amusement Park,Steel,2021-02-12,Sit Down,NA,NA,NA,NA,NA,0,NA,Chain Lift Hill
87,unknown,Nanqiao / Chuzhou / Anhui / China,Kangqiang Happy World,Steel,2021-02-12,Sit Down,"Hebei Zhongye Metallurgical Equipment Manufacturing Co., Ltd",All Models,NA,NA,NA,2,NA,Chain Lift Hill; Helix; Loop; Corkscrew
88,unknown,Longyang / Baoshan / Yunnan / China,Baoshan Qinghua Haimeimei Happy World,Steel,2021-02-11,Sit Down,NA,NA,NA,NA,NA,0,NA,Chain Lift Hill
89,unknown,Longyang / Baoshan / Yunnan / China,Baoshan Qinghua Haimeimei Happy World,Steel,2021-02-11,Sit Down,NA,NA,NA,NA,NA,0,NA,Chain Lift Hill
90,unknown,Wushan / Chongqing / China,Wushan Jurassic World Theme Park,Steel,2021-02-09,Sit Down,NA,NA,NA,NA,NA,0,NA,Chain Lift Hill
91,Legendary Twin Dragon,Shapingba / Chongqing / China,Chongqing Sunac Land,Steel,2021-02-03,Inverted,Intamin Amusement Rides,Impulse Coaster,73.9,823.5,229.6,0,NA,LSM Launch (multi-pass); Twisted Vertical Rollback; Twisted Vertical Rollback
92,Taxi #1,Dubai / Dubai / United Arab Emirates,Bollywood Parks Dubai,Steel,2021-01-21,Sit Down,Zamperla,Family Coaster,NA,262.5,13.1,0,NA,Chain Lift Hill
93,Buddhism Boundless,Huai'an / Huai'an / Jiangsu / China,Journey to the West,Steel,2021,Sit Down,"Hebei Zhongye Metallurgical Equipment Manufacturing Co., Ltd",NA,NA,NA,NA,5,NA,Chain Lift Hill; Batwing; Corkscrew; Cobra Roll
94,Monkey King Patrol Mine Train,Huai'an / Huai'an / Jiangsu / China,Journey to the West,Steel,2021,Sit Down,NA,NA,NA,NA,NA,0,NA,Chain Lift Hill; Chain Lift Hill
95,Royal Knights,Licheng / Jinan / Shandong / China,Jinan Sunac Land,Steel,2021,Sit Down,Jinma Rides,Fruit Worm Coaster,NA,NA,NA,0,NA,Booster Wheel Lift Hill
96,Jungle Trailblazer,Licheng / Jinan / Shandong / China,Jinan Sunac Land,Steel,2021,Sit Down,Jinma Rides,Family Roller Coaster,NA,NA,NA,0,NA,Chain Lift Hill
97,Treasure Minecar,Licheng / Jinan / Shandong / China,Jinan Sunac Land,Steel,2021,Sit Down,NA,NA,NA,NA,NA,0,NA,Chain Lift Hill
98,Roller Coaster,Licheng / Jinan / Shandong / China,Jinan Sunac Land,Steel,2021,Sit Down,Nanfang Amusement Rides Co.,NA,33.6,1794.6,63.6,0,NA,Chain Lift Hill
99,Roller Coaster,Evionnaz / Valais / Switzerland,Labyrinthe Aventure,Steel,2021,Sit Down,Chuangyi Amusement,NA,NA,131.2,5.6,0,NA,Chain Lift Hill
100,unknown,Changping / Beijing / China,Rabbit Forest,Steel,2021,Sit Down,Chuangyi Amusement,NA,NA,NA,NA,0,NA,Chain Lift Hill
101,Parent-Child Roller Coaster,Licang / Qingdao / Shandong / China,Bale Park,Steel,2021,Sit Down,Chuangyi Amusement,NA,NA,NA,NA,0,NA,Chain Lift Hill
102,Parent-Child Roller Coaster,Licang / Qingdao / Shandong / China,Bale Park,Steel,2021,Sit Down,Chuangyi Amusement,NA,NA,NA,NA,0,NA,Chain Lift Hill
103,Crazy Croc,Hastings / East Sussex / England / United Kingdom,Hastings Pier,Steel,2021,Sit Down,Wisdom Rides,Other,NA,NA,NA,0,NA,NA
104,Wattwurm,Oesterwurth / Schleswig-Holstein / Germany,Land & Leute Erlebnishof Dithmarschen,Steel,2021,Sit Down,D.P.V. Rides,All Models,NA,721.8,16.4,0,NA,Chain Lift Hill
105,unknown,Yanshan / Wenshan / Yunnan / China,Yanshan Dream World,Steel,2021,Sit Down,NA,NA,NA,NA,NA,0,NA,NA
106,Dragon Coaster,Leszno / Wielkopolskie / Poland,Park Rozrywki Julinek,Steel,2021,Sit Down,NA,NA,NA,NA,NA,0,NA,Booster Wheel Lift Hill
107,Mountain Coaster,West Vancouver / British Columbia / Canada,Cypress Mountain,Steel,2021,Sit Down,Sunkid GmbH,Mountain Coaster,24.9,6561.7,NA,0,NA,NA
108,unknown,Jeddah / Makkah / Saudi Arabia,Tekzone,Steel,2021,Sit Down,SBF Visa Group,NA,NA,NA,NA,0,NA,NA
109,Big Apple,Austin / Texas / United States,Cotaland,Steel,2021,Sit Down,Levent Lunapark,All Models,NA,452.8,NA,0,NA,NA
110,Cyclone,Nalchik / Kabardino-Balkar / Russia,Park Attraktsionov,Steel,2021,Sit Down,NA,NA,NA,NA,NA,0,NA,Chain Lift Hill
111,Children's Roller Coaster,Hedong / Tianjin / China,Jindi Plaza Go Go Park,Steel,2021,Sit Down,Sun Shiyoule,All Models,NA,NA,NA,0,NA,NA
112,Brocomela,Les Mathes / Nouvelle-Aquitaine / France,Youpiland,Steel,2021,Sit Down,Kılıç Lunapark,All Models,NA,452.8,14.8,0,NA,NA
113,Shark Trip,Azur / Nouvelle-Aquitaine / France,Dinosaures Parc,Steel,2021,Sit Down,Kılıç Lunapark,All Models,NA,NA,NA,0,NA,Booster Wheel Lift Hill
114,Sea Storm,Varna / Varna / Bulgaria,Varna Fun Port,Steel,2021,Sit Down,I.E. Park,JR,NA,764,30,0,1:00,Chain Lift Hill
115,Family Coaster,Varna / Varna / Bulgaria,Varna Fun Port,Steel,2021,Sit Down,NA,NA,NA,NA,NA,0,NA,NA
116,Boomerang Roller Coaster,Jin'an / Lu'an / Anhui / China,Gaotao Cultural and Creative Park,Steel,2021,Sit Down,"Hebei Zhongye Metallurgical Equipment Manufacturing Co., Ltd",All Models,51.4,1902.9,108.3,4,NA,Chain Lift Hill; Loop; Dive Loop; Double Corkscrew
117,Mount Typhoon,Moscow City / Russia,Family Park Skazka,Steel,2021,Sit Down,NA,NA,NA,NA,NA,0,NA,Chain Lift Hill
118,Runaway Train,Weston-Super-Mare / Somerset / England / United Kingdom,Funland Theme Park,Steel,2021,Sit Down,NA,NA,NA,NA,NA,0,NA,Booster Wheel Lift Hill
119,€uro Coaster,Weston-Super-Mare / Somerset / England / United Kingdom,Funland Theme Park,Steel,2021,Sit Down,SBF Visa Group,All Models,NA,NA,NA,0,NA,Chain Lift Hill
120,Crazy Coaster,Weston-Super-Mare / Somerset / England / United Kingdom,Funland Theme Park,Steel,2021,Sit Down,SBF Visa Group,Spinning Coasters,NA,190,14,0,NA,Booster Wheel Lift Hill
121,Dragon in the Jungle,Pukou / Nanjing / Jiangsu / China,Dragon Valley Theme Park,Steel,2021,Sit Down,Vekoma,Shockwave,62.1,3592.5,126.3,5,NA,LSM Launch; LSM Launch; Loop; Batwing; Corkscrew; Corkscrew
122,Cross Magic Ring,Pukou / Nanjing / Jiangsu / China,Dragon Valley Theme Park,Steel,2021,Sit Down,Beijing Shibaolai Amusement Equipment,All Models,65.2,590.6,151.6,2,NA,Vertical Chain Lift Hill; Sky Loop
123,Twin Dragon,Pukou / Nanjing / Jiangsu / China,Dragon Valley Theme Park,Steel,2021,Sit Down,Jinma Rides,Family Roller Coaster,NA,NA,NA,0,NA,Booster Wheel Lift Hill; Booster Wheel Lift Hill
124,Hullámvasút,Kislőd / Veszprém / Hungary,Sobri Jóska Élménypark,Steel,2021,Sit Down,SBF Visa Group,All Models,NA,NA,NA,0,NA,Booster Wheel Lift Hill
125,EpiQ Coaster,Doha / Doha / Qatar,Doha Quest,Steel,2021,Sit Down,Premier Rides,NA,NA,1837.3,196.9,2,1:40,LSM Launch; Twisted Vertical Rollback; Zero-G Roll; Corkscrew
126,Oryx Express,Doha / Doha / Qatar,Doha Quest,Steel,2021,Sit Down,Vekoma,Junior Coaster,NA,679.1,NA,0,NA,Booster Wheel Lift Hill
127,Space Twister,Doha / Doha / Qatar,Doha Quest,Steel,2021,Sit Down,SBF Visa Group,Spinning Coasters,NA,NA,NA,0,NA,Booster Wheel Lift Hill
128,Fly with Flap,Doha / Doha / Qatar,Doha Quest,Steel,2021,Suspended,Extreme Engineering,NA,NA,656.2,60,0,NA,NA
129,Fun Coaster,Nanjiao / Datong / Shanxi / China,Fantawild Theme Park,Steel,2021,Sit Down,NA,NA,NA,NA,NA,0,NA,Booster Wheel Lift Hill
130,Magic Dragon,Tredinnick / Cornwall / England / United Kingdom,Camel Creek Adventure Park,Steel,2021,Sit Down,Pinfari,Other,NA,NA,NA,0,NA,NA
131,unknown,Hondlon / Baotou / Nei Mongol / China,Baotou Leyuan,Steel,2021,Sit Down,Chuangyi Amusement,NA,NA,NA,NA,0,NA,Chain Lift Hill
132,Mini Mouse,Brooklyn / New York / United States,Luna Park,Steel,2021,Sit Down,Zamperla,Other,NA,NA,NA,0,NA,Booster Wheel Lift Hill
133,Texasaurus,Canton / Texas / United States,YesterLand Farm,Steel,2021,Sit Down,Wisdom Rides,Other,NA,NA,NA,0,NA,Booster Wheel Lift Hill
134,unknown,Fengtai / Beijing / China,Beijing World Park,Steel,2021,Sit Down,NA,NA,NA,NA,NA,0,NA,NA
135,Family Roller Coaster,Ingoldmells / Lincolnshire / England / United Kingdom,Fantasy Island,Steel,2021,Sit Down,Güven Amusement Rides Factory,All Models,NA,NA,NA,0,NA,NA
136,Wacky Worm,Porthcawl / Bridgend / Wales / United Kingdom,Coney Beach Pleasure Park,Steel,2021,Sit Down,Güven Amusement Rides Factory,All Models,NA,NA,NA,0,NA,Chain Lift Hill
137,Skyflyer,Brooklyn / New York / United States,Deno's Wonder Wheel Amusement Park,Steel,2021,Sit Down,SBF Visa Group,All Models,NA,NA,NA,0,NA,Booster Wheel Lift Hill
138,Little Dipper,Ripon / North Yorkshire / England / United Kingdom,Lightwater Valley,Steel,2021,Sit Down,D.P.V. Rides,All Models,NA,NA,NA,0,NA,Chain Lift Hill
139,Wildcat,Puyallup / Washington / United States,Washington State Fair,Steel,2021,Sit Down,Schwarzkopf,Wildcat,NA,NA,NA,0,NA,NA
140,Lil' Devil Coaster,Jackson / New Jersey / United States,Six Flags Great Adventure,Steel,2021,Sit Down,Zamperla,Family Coaster,NA,262.5,13,0,0:40,Chain Lift Hill
141,Chasing Roller Coaster,Kuiwen / Weifang / Shandong / China,Fuhua Amusement Park,Steel,2021,Sit Down,Beijing Shibaolai Amusement Equipment,All Models,NA,NA,NA,2,NA,Chain Lift Hill; Loop; In-Line Twist; Chain Lift Hill; Loop; In-Line Twist
142,Happy Bird,Kuiwen / Weifang / Shandong / China,Fuhua Amusement Park,Steel,2021,Flying,Beijing Shibaolai Amusement Equipment,All Models,NA,NA,NA,2,NA,Spiral Lift; Heartline Roll; Heartline Roll
143,Runaway Train,New Brighton / Merseyside / England / United Kingdom,New Brighton Funfair,Steel,2021,Sit Down,Güven Amusement Rides Factory,NA,NA,NA,NA,0,NA,Booster Wheel Lift Hill
144,Family Coaster,New Brighton / Merseyside / England / United Kingdom,New Brighton Funfair,Steel,2021,Sit Down,NA,NA,NA,NA,NA,0,NA,Cable Lift Hill
145,Montagne Russe,Ostia / Lazio / Italy,Parco Lido,Steel,2021,Sit Down,NA,NA,NA,NA,NA,0,NA,Chain Lift Hill
146,Pippo Il Bassotto Volante,Ostia / Lazio / Italy,Parco Lido,Steel,2021,Sit Down,NA,NA,NA,NA,NA,0,NA,Booster Wheel Lift Hill
147,Futurama,Jesolo / Veneto / Italy,New Jesolandia,Steel,2021,Sit Down,Shangang Rides,All Models,NA,NA,NA,0,NA,Booster Wheel Lift Hill
148,Goldmine Express,Hengelo / Overijssel / Netherlands,De Waarbeek,Steel,2021,Sit Down,CAM Baby Kart,All Models,NA,NA,NA,0,NA,NA
149,Fiesta Express,Benidorm / Alicante / Valencian Community / Spain,Festilandia,Steel,2021,Sit Down,Zamperla,Other,NA,NA,NA,0,NA,Booster Wheel Lift Hill
150,Star Coaster,Yingde / Qingyuan / Guangdong / China,Chocolate Kingdom,Steel,2020-12-31,Sit Down,"Beijing Jiuhua Amusement Rides Manufacturing Co., Ltd.",All Models,NA,NA,NA,0,NA,NA
151,Kaiserburg Bob,Bad Kleinkirchheim / Carinthia / Austria,Bad Kleinkirchheimer Bergbahnen,Steel,2020-12-25,Sit Down,Mountain Innovations GmbH,NA,24.9,4593.2,NA,0,NA,NA
152,Praloops,Uvernet-Fours / Provence-Alpes-Côte d'Azur / France,Pra-Loup,Steel,2020-12-19,Sit Down,Wiegand,Alpine Coaster,24.9,3750,NA,0,NA,NA
153,Tsunami,Dayton / Ohio / United States,Scene75 Entertainment Center,Steel,2020-12-16,Sit Down,SBF Visa Group,Spinning Coasters,11.2,393.7,20,0,NA,Booster Wheel Lift Hill
154,Skyflyer,Austin / Texas / United States,Cotaland,Steel,2020-11-27,Sit Down,SBF Visa Group,All Models,NA,NA,NA,0,NA,Booster Wheel Lift Hill
155,Screamin' Centipede,Round Rock / Texas / United States,Tom Foolerys Adventure Park,Steel,2020-11-12,Sit Down,SBF Visa Group,All Models,NA,NA,NA,0,NA,Booster Wheel Lift Hill
156,Star Force Orbiter,Round Rock / Texas / United States,Tom Foolerys Adventure Park,Steel,2020-11-12,Sit Down,SBF Visa Group,All Models,NA,NA,NA,0,NA,Booster Wheel Lift Hill
157,Suspended Family Coaster,Qixia / Nanjing / Jiangsu / China,Happy Valley,Steel,2020-11-11,Suspended,Vekoma,Suspended Family Coaster,46.6,1486.2,63.3,0,NA,NA
158,Forest Predator,Qixia / Nanjing / Jiangsu / China,Happy Valley,Steel,2020-11-11,Wing,Bolliger & Mabillard,Wing Coaster,NA,NA,NA,5,NA,Chain Lift Hill; Dive Drop; Hill; Loop; Corkscrew; Corkscrew; In-Line Twist
159,Mine Escape,Qixia / Nanjing / Jiangsu / China,Happy Valley,Steel,2020-11-11,Sit Down,Jinma Rides,NA,NA,NA,NA,0,NA,Chain Lift Hill; Chain Lift Hill
160,FamilyBoomerang RollerCoaster,Qixia / Nanjing / Jiangsu / China,Happy Valley,Steel,2020-11-11,Sit Down,Vekoma,Family Boomerang,NA,672.6,NA,0,NA,Booster Wheel Lift Hill
161,Magic Bee,Rio De Janeiro / Rio De Janeiro / Brazil,Tivoli Park,Steel,2020-10-12,Inverted,NA,NA,NA,NA,NA,0,NA,NA
162,Passionate Flying Rat,Linquan / Fuyang / Anhui / China,Grimm's Fairy Tale World,Steel,2020-10-11,Sit Down,NA,NA,NA,NA,NA,0,NA,NA
163,Tempestuous Waves,Linquan / Fuyang / Anhui / China,Grimm's Fairy Tale World,Steel,2020-10-11,Sit Down,"Hebei Zhongye Metallurgical Equipment Manufacturing Co., Ltd",All Models,NA,NA,NA,2,NA,Chain Lift Hill; Helix; Loop; Corkscrew
164,Cliffside Coaster,Lake Placid / New York / United States,Mount Van Hoevenberg,Steel,2020-10-11,Sit Down,Aquatic Development Group,NA,NA,7600,NA,0,NA,NA
165,Achterbahn,Stein am Rhein / Schaffhausen / Switzerland,Ticiland,Steel,2020-10-10,Sit Down,Zierer,Force,24.2,728.3,29.5,0,NA,Booster Wheel Lift Hill
166,Guldminen,Slagelse / Sjælland / Denmark,Cirkusland,Steel,2020-10-10,Sit Down,NA,NA,NA,NA,NA,0,NA,NA
167,Buffalo Hunt,Rapid City / South Dakota / United States,Fort Hays Chuckwagon,Steel,2020-10-03,Suspended,Wiegand,All Models,NA,NA,NA,0,NA,NA
168,Sandy’s Blasting Bronco,East Rutherford / New Jersey / United States,Nickelodeon Universe Theme Park,Steel,2020-10-01,Sit Down,Intamin Amusement Rides,NA,47.8,1607.6,85.3,4,NA,LSM Launch; Immelmann; Immelmann; Roll Over; Turntable
169,unknown,Sheyang / Yancheng / Jiangsu / China,Andersen Fairy Tale Park,Steel,2020-10,Sit Down,Beijing Shibaolai Amusement Equipment,All Models,NA,NA,NA,3,NA,Cobra Roll; Loop
170,Worm Coaster,Dujiangyan / Chengdu / Sichuan / China,Sunac Land Chengdu,Steel,2020-09-19,Sit Down,NA,NA,NA,NA,NA,0,NA,NA
171,Family Thriller,Dujiangyan / Chengdu / Sichuan / China,Sunac Land Chengdu,Steel,2020-09-19,Sit Down,NA,NA,NA,NA,NA,0,NA,Chain Lift Hill; Chain Lift Hill
172,Hare and Tortoise Roller Coaster,Xinmi / Zhengzhou / Henan / China,Enjoy Animal Kingdom,Steel,2020-09-18,Sit Down,Jinma Rides,Family Roller Coaster,NA,NA,NA,0,NA,Booster Wheel Lift Hill; Booster Wheel Lift Hill
173,Water coaster,Xinmi / Zhengzhou / Henan / China,Enjoy Animal Kingdom,Steel,2020-09-18,Sit Down,NA,NA,NA,NA,NA,0,NA,NA
174,Requin,Loos-en-Gohelle / Hauts-de-France / France,Loos Parc,Steel,2020-09-18,Sit Down,Kılıç Lunapark,All Models,NA,324.8,18,0,NA,Booster Wheel Lift Hill
175,F.L.Y.,Brühl / North Rhine-Westphalia / Germany,Phantasialand,Steel,2020-09-17,Flying,Vekoma,Flying Dutchman,48.5,4055.1,NA,2,NA,Dark/Show Section; LSM Launch (rolling); Corkscrew; LSM Boost; Corkscrew
176,Batukai-Racer,Hodenhagen / Lower Saxony / Germany,Serengeti-Park,Steel,2020-09-05,Sit Down,Technical Park,All Models,31.1,885.8,42.7,0,NA,Chain Lift Hill
177,Roller Coaster,Kiev / Kiev / Ukraine,Galaxy Amusement Park,Steel,2020-09-05,Sit Down,Maurer Rides GmbH,Spinning Coaster,34.2,1164.7,49.2,0,1:15,Chain Lift Hill
178,Hummel Brummel,Kaisersbach / Baden-Württemberg / Germany,Schwaben Park,Steel,2020-08-15,Suspended,Wiegand,All Models,NA,1640.4,NA,0,NA,NA
179,Twin Dragon,Keqiao / Shaoxing / Zhejiang / China,Oriental Neverland - Coldplay Kingdom,Steel,2020-08-08,Inverted,Beijing Shibaolai Amusement Equipment,All Models,NA,NA,NA,2,NA,Chain Lift Hill; Loop; In-Line Twist; Chain Lift Hill; Loop; In-Line Twist
180,Razorback,Manolo Fortich / Bukidnon / Philippines,Dahilayan Adventure Park,Steel,2020-08,Sit Down,Sunkid GmbH,Mountain Coaster,24.9,1998,NA,0,NA,NA
181,Osprey Mine Train,Shapingba / Chongqing / China,Chongqing Sunac Land,Steel,2020-08,Sit Down,Jinma Rides,NA,NA,NA,NA,0,NA,NA
182,Bayou Express,Wavrechain-sous-Faulx / Hauts-de-France / France,Le Fleury,Steel,2020-08,Sit Down,Zierer,Tivoli,16.2,197.5,10.8,0,NA,Booster Wheel Lift Hill
183,Planinski Bob,Jahorina / Republika Srpska / Bosnia and Herzegovina,Olimpijski Centar Jahorina,Steel,2020-07-30,Sit Down,Sunkid GmbH,Mountain Coaster,NA,7545.9,NA,0,NA,NA
184,Butterfly,Oudemirdum / Friesland / Netherlands,Sybrandy's Speel- en Natuurpark,Steel,2020-07-20,Sit Down,Sunkid GmbH,Butterfly,NA,NA,20,0,NA,NA
185,Shred The Sewers,Moscow City / Russia,Dream Island,Steel,2020-07-18,Sit Down,Intamin Amusement Rides,NA,49.7,NA,78.7,4,NA,LSM Launch; Loop; Inclined Dive Loop; Corkscrew; Heartline Roll
186,Puppy Coaster,Jiangyou / Mianyang / Sichuan / China,Oriental Heritage,Steel,2020-07-18,Sit Down,NA,NA,NA,NA,NA,0,NA,NA
187,Circus Carnival,Jiangyou / Mianyang / Sichuan / China,Oriental Heritage,Steel,2020-07-18,Inverted,Beijing Shibaolai Amusement Equipment,Suspended Loop Coaster,NA,NA,NA,4,NA,Chain Lift Hill; Loop; Sidewinder; Double In-Line Twist
188,Flying Over Gou Xiong Ling,Jiangyou / Mianyang / Sichuan / China,Oriental Heritage,Steel,2020-07-18,Sit Down,Vekoma,Junior Coaster,NA,1099.1,NA,0,NA,Booster Wheel Lift Hill
189,unknown,Jiangyou / Mianyang / Sichuan / China,Oriental Heritage,Steel,2020-07-18,Sit Down,NA,NA,NA,NA,NA,0,NA,NA
190,Mineshaft Coaster,Big Bear Lake / California / United States,Alpine Slide at Magic Mountain,Steel,2020-07-17,Sit Down,Wiegand,Alpine Coaster,27,5280,24,0,NA,Cable Lift Hill
191,Five Ring Roller Coaster,Longsha / Qiqihar / Heilongjiang / China,Hecheng Park,Steel,2020-07-16,Sit Down,Zhipao,All Models,NA,NA,NA,4,NA,Chain Lift Hill; Loop; Loop; Double Corkscrew; Helix
192,Frank' N Coaster,Niagara Falls / Ontario / Canada,House of Frankenstein,Steel,2020-07-13,Sit Down,Wisdom Rides,NA,NA,700,25,0,NA,Chain Lift Hill
193,Rocky Ridge Railway,Rotherham / South Yorkshire / England / United Kingdom,Gulliver's Valley Resort,Steel,2020-07-11,Sit Down,Zamperla,Other,NA,NA,NA,0,1:30,Booster Wheel Lift Hill
194,Noisette Express,Dolancourt / Grand Est / France,Nigloland,Steel,2020-07-11,Sit Down,ART Engineering GmbH,Family Coaster,NA,721.8,NA,0,NA,Booster Wheel Lift Hill; Helix
195,Gesengte Sau,Vienna / Vienna / Austria,Wiener Prater,Steel,2020-07-09,Sit Down,Gerstlauer Amusement Rides GmbH,Bobsled Coaster,37.3,2001.3,78.7,0,2:00,Chain Lift Hill
196,Happy Caterpillar,Southsea / Hampshire / England / United Kingdom,South Parade Pier,Steel,2020-07-04,Sit Down,NA,NA,NA,NA,NA,0,NA,Chain Lift Hill
197,Candymonium,Hershey / Pennsylvania / United States,Hersheypark,Steel,2020-07-03,Sit Down,Bolliger & Mabillard,All Models,76,4636,210,0,2:26,Chain Lift Hill; Hill; Hill
198,Whirlwind,Erie / Pennsylvania / United States,Waldameer,Steel,2020-07-03,Sit Down,SBF Visa Group,Spinning Coasters,NA,NA,NA,0,NA,Booster Wheel Lift Hill
199,Orion,Mason / Ohio / United States,Kings Island,Steel,2020-07-02,Sit Down,Bolliger & Mabillard,All Models,91,5321,287,0,3:00,Chain Lift Hill; Hill; Hill; Hill; Hill; Hill; Hill; Hill
200,Wakala,Ypres / West Flanders / Flemish Region / Belgium,Bellewaerde Park,Steel,2020-07-01,Sit Down,Gerstlauer Amusement Rides GmbH,Family Coaster,31.1,2165.4,68.9,0,NA,Chain Lift Hill; Booster Wheel Lift Hill; Vertical Rollback
201,Family Coaster,Monts / Centre-Val de Loire / France,Family Park,Steel,2020-07-01,Sit Down,SBF Visa Group,Family Coaster,NA,452.8,12.3,0,0:55,Chain Lift Hill
202,Gold Rush,Monts / Centre-Val de Loire / France,Family Park,Steel,2020-07-01,Sit Down,Zierer,Other,NA,NA,21.3,0,NA,Chain Lift Hill
203,Fly di Ragga Muffin,Ocho Rios / Saint Ann / Jamaica,Mystic Mountain Jamaica,Steel,2020-07,Suspended,Wiegand,All Models,NA,NA,NA,0,NA,NA
204,Twisted Timbers,Hope / New Jersey / United States,Land Of Make Believe,Steel,2020-07,Sit Down,SBF Visa Group,Spinning Coasters,NA,NA,NA,0,NA,Booster Wheel Lift Hill
205,Magic Pomme,Massais / Nouvelle-Aquitaine / France,Parc de la Vallée,Steel,2020-06-27,Sit Down,Pinfari,Other,NA,NA,NA,0,1:50,Chain Lift Hill
206,Spinning Abeille,Montrozier / Occitanie / France,Jardin des Bêtes,Steel,2020-06-27,Sit Down,Gosetto,All Models,NA,NA,NA,0,NA,Booster Wheel Lift Hill
207,Hals-über-Kopf,Cleebronn / Baden-Württemberg / Germany,Erlebnispark Tripsdrill,Steel,2020-06-26,Inverted,Vekoma,Suspended Thrill Coaster,49.7,2395,98.4,3,NA,Chain Lift Hill; Zero-G Roll; Jr. Immelmann; Zero-G Roll; In-Line Twist
208,Volldampf,Cleebronn / Baden-Württemberg / Germany,Erlebnispark Tripsdrill,Steel,2020-06-26,Sit Down,Vekoma,Family Boomerang,37.3,780.8,72.2,0,NA,NA
209,Pitts Special,Kauhava / Southern Ostrobothnia / Finland,PowerLand,Steel,2020-06-24,Sit Down,Gerstlauer Amusement Rides GmbH,Infinity Coaster,62.1,2273.6,142.7,0,NA,Vertical Chain Lift Hill
210,Max + Moritz,Kaatsheuvel / North Brabant / Netherlands,Efteling,Steel,2020-06-20,Sit Down,Mack Rides GmbH & Co KG,NA,22.4,984.3,19.7,0,2:30,NA
211,Gold Rush,Plumelin / Brittany / France,Kingoland,Steel,2020-06-20,Sit Down,Pinfari,Other,24.6,764.4,30.2,0,0:50,NA
212,Chenille,Bannay / Centre-Val de Loire / France,Ô Parc,Steel,2020-06-20,Sit Down,NA,NA,NA,NA,NA,0,NA,Chain Lift Hill
213,Roller Ball,Vienna / Vienna / Austria,Wiener Prater,Steel,2020-06-13,Sit Down,Ride Engineers Switzerland,Roller Ball,NA,NA,NA,0,NA,NA
214,Shark Trip,Ensuès-la-Redonne / Provence-Alpes-Côte d'Azur / France,Magic Park Land,Steel,2020-06-13,Sit Down,Kılıç Lunapark,All Models,NA,NA,NA,0,NA,NA
215,Objectif Mars,Chasseneuil-du-Poitou / Nouvelle-Aquitaine / France,Futuroscope,Steel,2020-06-13,Sit Down,Intamin Amusement Rides,NA,34.2,1640.4,NA,0,2:50,Dark/Show Section; Tire Propelled Launch (rolling); Tire Propelled Boost; Vertical Drop Track
216,Vertika,Milizac / Brittany / France,La Récré des 3 Curés,Steel,2020-06-06,Sit Down,Gerstlauer Amusement Rides GmbH,Euro-Fighter,49.7,1443.6,88.6,2,NA,Vertical Chain Lift Hill; Loop; Corkscrew
217,Saven,Blokhus / Nordjylland / Denmark,Fårup Sommerland,Steel,2020-06-05,Sit Down,Vekoma,Family Boomerang,37.3,780.8,79.4,0,NA,Booster Wheel Lift Hill; Tunnel
218,Pirat'Express,Gujan-Mestras / Nouvelle-Aquitaine / France,Kid Parc,Steel,2020-06-03,Sit Down,NA,NA,NA,NA,NA,0,NA,NA
219,Eagle Wingspan,Phú Quốc / Kiên Giang / Vietnam,VinWonders,Steel,2020-06-01,Suspended,Extreme Engineering,NA,NA,400.3,NA,0,NA,NA
220,Spartan Race,Phú Quốc / Kiên Giang / Vietnam,VinWonders,Steel,2020-06-01,Sit Down,Vekoma,Family Boomerang,NA,643,NA,0,NA,Booster Wheel Lift Hill
221,Ipanema Skate Ride,Phú Quốc / Kiên Giang / Vietnam,VinWonders,Steel,2020-06-01,Sit Down,Intamin Amusement Rides,Surfrider,NA,NA,NA,0,NA,NA
222,Eagle Warrior,Phú Quốc / Kiên Giang / Vietnam,VinWonders,Steel,2020-06-01,Suspended,Vekoma,Suspended Family Coaster,NA,1486.2,NA,0,NA,Booster Wheel Lift Hill
223,Wrath Of Zeus,Phú Quốc / Kiên Giang / Vietnam,VinWonders,Steel,2020-06-01,Sit Down,Vekoma,Other,71.5,3444.9,164,3,NA,LSM Launch; Top Hat - Outside; Heartline Roll; Loop; Corkscrew; Over-Banked Curve
224,Pearly Whirly Coaster,Mears / Michigan / United States,Craig's Cruisers Family Fun Center,Steel,2020-06,Sit Down,SBF Visa Group,All Models,NA,NA,NA,0,NA,Booster Wheel Lift Hill
225,Erdbeer Raupenbahn,Koserow / Mecklenburg-Western Pomerania / Germany,Karls Erlebnis-Dorf Koserow,Steel,2020-05-30,Sit Down,SBF Visa Group,Family Coaster,NA,452.8,12.3,0,0:55,Chain Lift Hill
226,Bassotto,Vic-la-Gardiole / Occitanie / France,Fiesta Parc,Steel,2020-05-30,Sit Down,NA,NA,NA,NA,NA,0,NA,NA
227,Butterfly,Reichshof Eckenhagen / North Rhine-Westphalia / Germany,Affen- und Vogelpark,Steel,2020-05-30,Sit Down,Sunkid GmbH,Butterfly,NA,NA,20,0,NA,NA
228,Adlerflug,Kappel / Baden-Württemberg / Germany,Funny-World,Steel,2020-05-29,Sit Down,Sunkid GmbH,Butterfly,21.7,NA,24.6,0,NA,NA
229,Steirarodl,Edelschrott / Styria / Austria,Steirarodl Modriach,Steel,2020-05-29,Sit Down,Wiegand,Alpine Coaster,24.9,3871.4,NA,0,NA,Cable Lift Hill
230,Erdbeer Raupenbahn,Zirkow / Mecklenburg-Western Pomerania / Germany,Karls Erlebnis-Dorf Zirkow,Steel,2020-05-29,Sit Down,SBF Visa Group,Family Coaster,NA,452.8,12.3,0,0:55,Chain Lift Hill
231,Smurfberry Roller Coaster,Songjiang / Shanghai / China,Smurfs Theme Park,Steel,2020-05-29,Sit Down,"Beijing North Rongda Amusement Equipment Co.,Ltd",All Models,NA,NA,NA,0,NA,Booster Wheel Lift Hill
232,Safari-Blitz-Kids,Hodenhagen / Lower Saxony / Germany,Serengeti-Park,Steel,2020-05-27,Sit Down,SBF Visa Group,Spinning Coasters,NA,NA,NA,0,NA,Booster Wheel Lift Hill
233,Kuhddel Muuuhddel,Schlangenbad / Hesse / Germany,Taunus Wunderland,Steel,2020-05-25,Sit Down,SBF Visa Group,Spinning Coasters,NA,NA,NA,0,NA,Booster Wheel Lift Hill
234,Willi der Wurm,Westerstede / Lower Saxony / Germany,LandErlebnis Janßen,Steel,2020-05-25,Sit Down,Güven Amusement Rides Factory,All Models,NA,NA,NA,0,NA,Chain Lift Hill
235,Spinning Coaster,Panama City Beach / Florida / United States,Swampy Jack's Wongo Adventure,Steel,2020-05-23,Sit Down,SBF Visa Group,Spinning Coasters,NA,190,14,0,NA,Booster Wheel Lift Hill
236,Wilderness Run Alpine Coaster,Banner Elk / North Carolina / United States,Wilderness Run Alpine Coaster,Steel,2020-05-22,Sit Down,Wiegand,Alpine Coaster,27,2930,NA,0,NA,Cable Lift Hill
237,Draken,Gävle / Gävleborg / Sweden,Furuvik,Steel,2020-05-16,Sit Down,Zierer,Force,18.6,419.9,14.8,0,NA,NA
238,unknown,Quanshan / Xuzhou / Jiangsu / China,Xuzhou Paradise,Steel,2020-04-18,Sit Down,Jinma Rides,Super Spinning Coaster,NA,1286.1,58.7,1,NA,Chain Lift Hill; Heartline Roll
239,unknown,Quanshan / Xuzhou / Jiangsu / China,Xuzhou Paradise,Steel,2020-04-18,Sit Down,Jinma Rides,NA,NA,NA,NA,0,NA,Chain Lift Hill; Chain Lift Hill
